{"IcoMoonType":"selection","icons":[{"icon":{"paths":["M1024 608l-192-192v-288h-128v160l-192-192-512 512v32h128v320h320v-192h128v192h320v-320h128z"],"attrs":[],"isMulticolor":false,"isMulticolor2":false,"tags":["home","house"],"defaultCode":59650,"grid":16},"attrs":[],"properties":{"ligatures":"home3, house3","name":"home3","id":2,"order":2,"prevSize":32,"code":59650},"setIdx":0,"setId":0,"iconIdx":2},{"icon":{"paths":["M64 192h896v192h-896zM64 448h896v192h-896zM64 704h896v192h-896z"],"attrs":[],"isMulticolor":false,"isMulticolor2":false,"tags":["menu","list","options","lines","hamburger"],"defaultCode":59837,"grid":16},"attrs":[],"properties":{"ligatures":"menu, list3","name":"menu","id":189,"order":5,"prevSize":32,"code":59837},"setIdx":0,"setId":0,"iconIdx":189},{"icon":{"paths":["M0 512c0 282.77 229.23 512 512 512s512-229.23 512-512-229.23-512-512-512-512 229.23-512 512zM928 512c0 229.75-186.25 416-416 416s-416-186.25-416-416 186.25-416 416-416 416 186.25 416 416z","M706.744 669.256l90.512-90.512-285.256-285.254-285.254 285.256 90.508 90.508 194.746-194.744z"],"attrs":[],"isMulticolor":false,"isMulticolor2":false,"tags":["circle-up","up","circle-top","arrow"],"defaultCode":59969,"grid":16},"attrs":[],"properties":{"ligatures":"circle-up, up3","name":"circle-up","id":321,"order":4,"prevSize":32,"code":59969},"setIdx":0,"setId":0,"iconIdx":321},{"icon":{"paths":["M1024 512c0-282.77-229.23-512-512-512s-512 229.23-512 512 229.23 512 512 512 512-229.23 512-512zM96 512c0-229.75 186.25-416 416-416s416 186.25 416 416-186.25 416-416 416-416-186.25-416-416z","M317.256 354.744l-90.512 90.512 285.256 285.254 285.254-285.256-90.508-90.508-194.746 194.744z"],"attrs":[],"isMulticolor":false,"isMulticolor2":false,"tags":["circle-down","down","circle-bottom","arrow"],"defaultCode":59971,"grid":16},"attrs":[],"properties":{"ligatures":"circle-down, down3","name":"circle-down","id":323,"order":3,"prevSize":32,"code":59971},"setIdx":0,"setId":0,"iconIdx":323}],"height":1024,"metadata":{"name":"roberto-blake-custom-font"},"preferences":{"showGlyphs":true,"showCodes":true,"showQuickUse":true,"showQuickUse2":true,"showSVGs":true,"fontPref":{"prefix":"rbcf-","metadata":{"fontFamily":"roberto-blake-custom-font","majorVersion":1,"minorVersion":0},"metrics":{"emSize":1024,"baseline":6.25,"whitespace":50},"embed":false,"noie8":true,"ie7":false,"showSelector":true,"selector":"","classSelector":".rbcf"},"imagePref":{"prefix":"icon-","png":true,"useClassSelector":true,"color":0,"bgColor":16777215},"historySize":50}}